year,rank,title_ja,mal_id,title_romaji
2001,1,スクライド,168,s.CRY.ed
2001,2,シスター・プリンセス,836,Sister Princess
2001,3,"Z.O.E Dolores, i",1249,"Z.O.E Dolores, I"
2001,4,Cosmic Baton Girl コメットさん☆,2036,Cosmic Baton Girl Comet-san☆
2001,5,星界の戦旗II,397,Seikai no Senki II
2001,6,ジャングルはいつもハレのちグゥ,253,Jungle wa Itsumo Hare nochi Guu
2001,7,ノワール,272,Noir
2001,8,フルーツバスケット,120,Fruits Basket
2001,9,電脳冒険記ウェブダイバー,3561,Dennou Boukenki Webdiver
2001,10,だいすき!ぶぶチャチャ,4586,Daisuki! BuBu ChaCha
2001,11,だぁ!だぁ!だぁ!,233,Daa! Daa! Daa!
2001,12,GEAR戦士電童,2484,Gear Fighter Dendoh
2001,13,花右京メイド隊,403,Hanaukyou Maid-tai
2001,14,はじめの一歩,263,Hajime no Ippo
2001,15,新白雪姫伝説プリーティア,100,Shin Shirayuki-hime Densetsu Prétear
2001,16,機動天使エンジェリックレイヤー,52,Kidou Tenshi Angelic Layer
2001,17,地球防衛家族,1962,Chikyuu Bouei Kazoku
2001,18,ちっちゃな雪使いシュガー,831,Chicchana Yukitsukai Sugar
2001,19,ジーンシャフト,909,Geneshaft
2001,20,あぃまぃみぃ!ストロベリー・エッグ,509,I My Me! Strawberry Eggs
2001,21,学園戦記ムリョウ,1179,Gakuen Senki Muryou
2001,22,地球少女アルジュナ,812,Chikyuu Shoujo Arjuna
2001,23,おとぎストーリー 天使のしっぽ,682,Otogi Story Tenshi no Shippo
2001,24,ギャラクシーエンジェル,383,Galaxy Angel
2001,25,PROJECT ARMS,1492,Project ARMS
2001,26,フィギュア17 つばさ&ヒカル,1126,Figure 17: Tsubasa & Hikaru
2001,27,爆転シュート ベイブレード,288,Bakuten Shoot Beyblade
2001,28,魔法戦士リウイ,1164,Mahou Senshi Louie
2001,29,ファイナルファンタジー アンリミテッド,1157,Final Fantasy: Unlimited
2001,30,ヒカルの碁,135,Hikaru no Go
2002,1,OVERMAN キングゲイナー,1792,Overman King Gainer
2002,2,灰羽連盟,387,Haibane Renmei
2002,3,ちっちゃな雪使いシュガー,831,Chicchana Yukitsukai Sugar
2002,4,あずまんが大王,66,Azumanga Daiou The Animation
2002,5,Kanon,144,Kanon
2002,6,ギャラクシーエンジェルA,653,Galaxy Angel 3
2002,7,シスター・プリンセス Re Pure,835,Sister Princess: Re Pure
2002,8,スパイラル 推理の絆,341,Spiral: Suiri no Kizuna
2002,9,フィギュア17 つばさ&ヒカル,1126,Figure 17: Tsubasa & Hikaru
2002,10,十二国記,153,Juuni Kokuki
2002,11,ギャラクシーエンジェルZ,652,Galaxy Angel Z
2002,12,プリンセスチュチュ 卵の章,721,Princess Tutu
2002,13,超重神グラヴィオン,833,Choujuushin Gravion
2002,14,円盤皇女ワるきゅーレ,1127,UFO Princess Valkyrie
2002,15,りぜるまいん,197,Rizelmine
2002,16,七人のナナ,623,Shichinin no Nana
2002,17,ぴたテン,162,Pita Ten
2002,18,機動戦士ガンダムSEED,93,Kidou Senshi Gundam SEED
2002,19,わがまま☆フェアリー ミルモでポン!,1744,Wagamama☆Fairy Mirumo de Pon!
2002,20,おジャ魔女どれみドッカ~ン!,353,Ojamajo Doremi Dokkaan!
2002,21,ぷちぷり*ユーシィ,327,Puchi Pri*Yucie
2002,22,東京ミュウミュウ,687,Tokyo Mew Mew
2002,23,花田少年史,2004,Hanada Shounen-shi
2002,24,ボンバーマンジェッターズ,751,Bomberman Jetters
2002,25,プリンセスチュチュ 雛の章,721,Princess Tutu
2002,26,Witch Hunter ROBIN,7,Witch Hunter Robin
2002,27,藍より青し,53,Ai Yori Aoshi
2002,28,ラーゼフォン,165,RahXephon
2002,29,最終兵器彼女,529,Saishuu Heiki Kanojo
2002,30,攻殻機動隊 S.A.C.,467,Koukaku Kidoutai: Stand Alone Complex
2003,1,機動戦士ガンダムSEED,93,Kidou Senshi Gundam SEED
2003,2,宇宙のステルヴィア,113,Uchuu no Stellvia
2003,3,ギャラクシーエンジェルAA,654,Galaxy Angel 3 Specials
2003,4,成恵の世界,840,Narue no Sekai
2003,5,カレイドスター,427,Kaleido Star
2003,6,魁!!クロマティ高校,114,Sakigake!! Cromartie Koukou
2003,7,鋼の錬金術師,121,Fullmetal Alchemist
2003,8,D.C. ダ・カーポ,62,D.C.: Da Capo
2003,9,カレイドスター 新たなる翼,427,Kaleido Star
2003,10,君が望む永遠,147,Kimi ga Nozomu Eien
2003,11,プラネテス,329,Planetes
2003,12,.hack//黄昏の腕輪伝説,298,.hack//Tasogare no Udewa Densetsu
2003,13,デ・ジ・キャラットにょ,1683,Di Gi Charat Nyo
2003,14,明日のナージャ,1946,Ashita no Nadja
2003,15,D・N・ANGEL,61,D.N.Angel
2003,16,らいむいろ戦奇譚,1097,Lime-iro Senkitan
2003,17,ヤミと帽子と本の旅人,497,Yami to Boushi to Hon no Tabibito
2003,18,無人惑星サヴァイヴ,709,Mujin Wakusei Survive
2003,19,おねがい☆ツインズ,196,Onegai☆Twins
2003,20,LAST EXILE,97,Last Exile
2003,21,住めば都のコスモス荘,1837,Sumeba Miyako no Cosmos-sou Suttoko Taisen Dokkoida
2003,22,妄想科学シリーズ ワンダバスタイル,545,Mousou Kagaku Series: Wandaba Style
2003,23,魔法遣いに大切なこと,273,Mahoutsukai ni Taisetsu na Koto
2003,24,ストラトス・フォー,421,Stratos 4
2003,25,ななか6/17,776,Nanaka 6/17
2003,26,HAPPY☆LESSON ADVANCE,261,Happy☆Lesson Advance
2003,27,キディ・グレイド,274,Kiddy Grade
2003,28,神魂合体ゴーダンナー!!,1103,Shinkon Gattai Godannar!!
2003,29,R.O.D THE TV,209,R.O.D: The TV
2003,30,金色のガッシュベル!!,250,Konjiki no Gash Bell!!
2004,1,プラネテス,329,Planetes
2004,2,巌窟王,239,Gankutsuou
2004,3,魔法少女リリカルなのは,76,Mahou Shoujo Lyrical Nanoha
2004,4,舞-HiME,98,Mai-HiME
2004,5,ローゼンメイデン,64,Rozen Maiden
2004,6,ニニンがシノブ伝,229,Ninin ga Shinobuden
2004,7,ガングレイヴ,267,Gungrave
2004,8,神無月の巫女,143,Kannazuki no Miko
2004,9,蒼穹のファフナー,75,Soukyuu no Fafner: Dead Aggressor
2004,10,SDガンダムフォース,2391,SD Gundam Force
2004,11,鋼の錬金術師,121,Fullmetal Alchemist
2004,12,ギャラクシーエンジェルX,655,Galaxy Angel 4
2004,13,Get Ride! アムドライバー,1574,Get Ride! AMDriver
2004,14,トランスフォーマー スーパーリンク,927,Transformers Superlink
2004,15,うた∽かた,688,Uta∽Kata
2004,16,ケロロ軍曹,516,Keroro Gunsou
2004,17,エルフェンリート,226,Elfen Lied
2004,18,サムライチャンプルー,205,Samurai Champloo
2004,19,攻殻機動隊 S.A.C. 2nd GIG,801,Koukaku Kidoutai: Stand Alone Complex 2nd GIG
2004,20,機動戦士ガンダムSEED DESTINY,94,Kidou Senshi Gundam SEED Destiny
2004,21,忘却の旋律,159,Boukyaku no Senritsu
2004,22,MADLAX,252,Madlax
2004,23,モンキーターン,2740,Monkey Turn
2004,24,陰陽大戦記,613,Onmyou Taisenki
2004,25,超重神グラヴィオン ツヴァイ,1149,Choujuushin Gravion Zwei
2004,26,KURAU Phantom Memory,483,Kurau Phantom Memory
2004,27,爆裂天使,109,Bakuretsu Tenshi
2004,28,F-ZERO ファルコン伝説,3101,F-Zero: Falcon Densetsu
2004,29,ファンタジックチルドレン,455,Fantastic Children
2004,30,恋風,634,Koi Kaze
2005,1,ぱにぽにだっしゅ!,490,Paniponi Dash!
2005,2,ガン×ソード,411,Gun x Sword
2005,3,AIR,101,Air
2005,4,ARIA The ANIMATION,477,Aria the Animation
2005,5,創聖のアクエリオン,478,Sousei no Aquarion
2005,6,ローゼンメイデン トロイメント,65,Rozen Maiden: Träumend
2005,7,苺ましまろ,488,Ichigo Mashimaro
2005,8,ハチミツとクローバー,16,Hachimitsu to Clover
2005,9,かみちゅ!,489,Kamichu!
2005,10,魔法少女リリカルなのはA's,77,Mahou Shoujo Lyrical Nanoha A's
2005,11,バジリスク 甲賀忍法帖,67,Basilisk: Kouga Ninpou Chou
2005,12,蟲師,457,Mushishi
2005,13,闘牌伝説アカギ 闇に舞い降りた天才,658,Touhai Densetsu Akagi: Yami ni Maiorita Tensai
2005,14,まほらば Heartful days,519,Mahoraba: Heartful Days
2005,15,交響詩篇エウレカセブン,237,Koukyoushihen Eureka Seven
2005,16,おねがいマイメロディ,2489,Onegai My Melody
2005,17,巌窟王,239,Gankutsuou
2005,18,舞-HiME,98,Mai-HiME
2005,19,スクールランブル,24,School Rumble
2005,20,極上生徒会,456,Gokujou Seitokai
2005,21,フルメタル・パニック! The Second Raid,73,Full Metal Panic! The Second Raid
2005,22,英國戀物語エマ,345,Eikoku Koi Monogatari Emma
2005,23,ラムネ,670,Lamune
2005,24,ノエイン もうひとりの君へ,584,Noein: Mou Hitori no Kimi e
2005,25,魔法先生ネギま!,157,Mahou Sensei Negima!
2005,26,BLOOD+,150,Blood+
2005,27,SPEED GRAPHER,198,Speed Grapher
2005,28,銀盤カレイドスコープ,476,Ginban Kaleidoscope
2005,29,フタコイ オルタナティブ,126,Futakoi Alternative
2005,30,SoltyRei,152,Solty Rei
2006,1,涼宮ハルヒの憂鬱,849,Suzumiya Haruhi no Yuuutsu
2006,2,N・H・Kにようこそ!,1210,NHK ni Youkoso!
2006,3,コードギアス 反逆のルルーシュ,1575,Code Geass: Hangyaku no Lelouch
2006,4,桜蘭高校ホスト部,853,Ouran Koukou Host Club
2006,5,銀魂,918,Gintama
2006,6,BLACK LAGOON,889,Black Lagoon
2006,7,乙女はお姉さまに恋してる,1569,Otome wa Boku ni Koishiteru
2006,8,蟲師,457,Mushishi
2006,9,ゼーガペイン,878,Zegapain
2006,10,うたわれるもの,856,Utawarerumono
2006,11,ノエイン もうひとりの君へ,584,Noein: Mou Hitori no Kimi e
2006,12,すもももももも 地上最強のヨメ,1568,Sumomomo Momomo: Chijou Saikyou no Yome
2006,13,錬金3級 まじかる?ぽか~ん,941,Renkin San-kyuu Magical? Pokaan
2006,14,ひぐらしのなく頃に,934,Higurashi no Naku Koro ni
2006,15,シムーン,879,Simoun
2006,16,ARIA The NATURAL,962,Aria the Natural
2006,17,ゼロの使い魔,1195,Zero no Tsukaima
2006,18,Kanon,1530,Kanon (2006)
2006,19,いぬかみっ!,940,Inukami!
2006,20,交響詩篇エウレカセブン,237,Koukyoushihen Eureka Seven
2006,21,Strawberry panic,855,Strawberry Panic
2006,22,無敵看板娘,1738,Muteki Kanban Musume
2006,23,ちょこっとSister,1219,Chocotto Sister
2006,24,地獄少女 二籠,1594,Jigoku Shoujo Futakomori
2006,25,灼眼のシャナ,355,Shakugan no Shana
2006,26,武装錬金,1536,Busou Renkin
2006,27,DEATH NOTE,1535,Death Note
2006,28,舞-乙HiME,99,Mai-Otome
2006,29,吉永さん家のガーゴイル,965,Yoshinaga-san Chi no Gargoyle
2006,30,Fate/stay night,356,Fate/stay night
2007,1,天元突破グレンラガン,2001,Tengen Toppa Gurren Lagann
2007,2,みなみけ,2963,Minami-ke
2007,3,瀬戸の花嫁,2104,Seto no Hanayome
2007,4,らき☆すた,1887,Lucky☆Star
2007,5,コードギアス 反逆のルルーシュ,1575,Code Geass: Hangyaku no Lelouch
2007,6,DARKER THAN BLACK 黒の契約者,2025,Darker than Black: Kuro no Keiyakusha
2007,7,CLANNAD,2167,Clannad
2007,8,ef - a tale of memories.,2924,ef: A Tale of Memories.
2007,9,School Days,2476,School Days
2007,10,バンブーブレード,2986,Bamboo Blade
2007,11,電脳コイル,2164,Dennou Coil
2007,12,ひだまりスケッチ,1852,Hidamari Sketch
2007,13,おおきく振りかぶって,2159,Ookiku Furikabutte
2007,14,スケッチブック full color's,2942,Sketchbook: Full Color's
2007,15,さよなら絶望先生,2605,Sayonara Zetsubou Sensei
2007,16,ぽてまよ,2744,Potemayo
2007,17,ひぐらしのなく頃に解,1889,Higurashi no Naku Koro ni Kai
2007,18,sola,1965,Sola
2007,19,BACCANO!,2251,Baccano!
2007,20,ななついろ★ドロップス,1688,Nanatsu-iro★Drops
2007,21,がくえんゆーとぴあ まなびストレート!,1858,Gakuen Utopia Manabi Straight!
2007,22,ナイトウィザード The ANIMATION,2970,Night Wizard
2007,23,逆境無頼カイジ,3002,Gyakkyou Burai Kaiji: Ultimate Survivor
2007,24,魔法少女リリカルなのはStrikerS,1915,Mahou Shoujo Lyrical Nanoha StrikerS
2007,25,モノノ怪,2246,Mononoke
2007,26,精霊の守り人,1827,Seirei no Moribito
2007,27,ひとひら,1721,Hitohira
2007,28,ハヤテのごとく!,2026,Hayate no Gotoku!
2007,29,ヒロイック・エイジ,2002,Heroic Age
2007,30,もやしもん,3001,Moyashimon
2008,1,コードギアス 反逆のルルーシュR2,2904,Code Geass: Hangyaku no Lelouch R2
2008,2,喰霊-零-,4725,Ga-Rei: Zero
2008,3,true tears,2129,True Tears
2008,4,ストライクウィッチーズ,3667,Strike Witches
2008,5,かんなぎ,3958,Kannagi
2008,6,マクロスF,3572,Macross F
2008,7,夏目友人帳,4081,Natsume Yuujinchou
2008,8,ARIA The ORIGINATION,3297,Aria the Origination
2008,9,狼と香辛料,2966,Ookami to Koushinryou
2008,10,とらドラ!,4224,Toradora!
2008,11,機動戦士ガンダム00,2581,Kidou Senshi Gundam 00
2008,12,紅 kurenai,3358,Kure-nai
2008,13,我が家のお稲荷さま。,3322,Wagaya no Oinari-sama.
2008,14,PERSONA trinity soul,3366,Persona: Trinity Soul
2008,15,CLANNAD AFTER STORY,4181,Clannad: After Story
2008,16,ロザリオとバンパイア,2993,Rosario to Vampire
2008,17,ひだまりスケッチ×365,3604,Hidamari Sketch x 365
2008,18,xxxHOLiC◆継,3091,xxxHOLiC◆Kei
2008,19,ソウルイーター,3588,Soul Eater
2008,20,バンブーブレード,2986,Bamboo Blade
2008,21,俗・さよなら絶望先生,3228,Zoku Sayonara Zetsubou Sensei
2008,22,ドルアーガの塔 the Aegis of URUK,3230,Druaga no Tou: The Aegis of Uruk
2008,23,墓場鬼太郎,3710,Hakaba Kitarou
2008,24,BLASSREITER,3407,Blassreiter
2008,25,恋姫†無双,4262,Koihime†Musou
2008,26,とある魔術の禁書目録,4654,Toaru Majutsu no Index
2008,27,CHAOS;HEAD,4975,ChäoS;HEAd
2008,28,シゴフミ,3420,Shigofumi
2008,29,イタズラなKiss,3731,Itazura na Kiss
2008,30,RD 潜脳調査室,3363,RD Sennou Chousashitsu
2009,1,化物語,5081,Bakemonogatari
2009,2,DARKER THAN BLACK 流星の双子,6573,Darker than Black: Ryuusei no Gemini
2009,3,咲-Saki-,5671,Saki
2009,4,けいおん!,5680,K-On!
2009,5,東のエデン,5630,Higashi no Eden
2009,6,とある科学の超電磁砲,6213,Toaru Kagaku no Railgun
2009,7,君に届け,6045,Kimi ni Todoke
2009,8,大正野球娘。,5141,Taishou Yakyuu Musume.
2009,9,続 夏目友人帳,5300,Zoku Natsume Yuujinchou
2009,10,東京マグニチュード8.0,6211,Tokyo Magnitude 8.0
2009,11,にゃんこい!,6512,Nyan Koi!
2009,12,けんぷファー,6205,Kämpfer
2009,13,懺・さよなら絶望先生,6377,Zan Sayonara Zetsubou Sensei
2009,14,戦国BASARA,5355,Sengoku Basara
2009,15,NEEDLESS,6030,Needless
2009,16,青い花,6164,Aoi Hana
2009,17,宙のまにまに,6098,Sora no Manimani
2009,18,GA 芸術科アートデザインクラス,5670,GA: Geijutsuka Art Design Class
2009,19,まりあ†ほりっく,5030,Maria†Holic
2009,20,みなみけ おかえり,5162,Minami-ke Okaeri
2009,21,Phantom Requiem for the Phantom,5682,Phantom: Requiem for the Phantom
2009,22,そらのおとしもの,5958,Sora no Otoshimono
2009,23,夏のあらし!,5597,Natsu no Arashi!
2009,24,初恋限定。,5150,Hatsukoi Limited.
2009,25,鋼の錬金術師 FULLMETAL ALCHEMIST,5114,Fullmetal Alchemist: Brotherhood
2009,26,狼と香辛料II,5341,Ookami to Koushinryou II
2009,27,クイーンズブレイド 玉座を継ぐ者,6633,Queen's Blade: Gyokuza wo Tsugu Mono
2009,28,獣の奏者エリン,5420,Kemono no Souja Erin
2009,29,天体戦士サンレッド,6582,Tentai Senshi Sunred 2nd Season
2009,30,かなめも,5914,Kanamemo
2010,1,探偵オペラ ミルキィホームズ,7768,Tantei Opera Milky Holmes
2010,2,四畳半神話大系,7785,Yojouhan Shinwa Taikei
2010,3,けいおん!!,7791,K-On!!
2010,4,侵略!イカ娘,8557,Shinryaku! Ika Musume
2010,5,俺の妹がこんなに可愛いわけがない,8769,Ore no Imouto ga Konnani Kawaii Wake ga Nai
2010,6,それでも町は廻っている,8726,Soredemo Machi wa Mawatteiru
2010,7,WORKING!!,6956,Working!!
2010,8,Angel Beats!,6547,Angel Beats!
2010,9,ストライクウィッチーズ2,6381,Strike Witches 2
2010,10,そらのおとしものf,8407,Sora no Otoshimono Forte
2010,11,刀語,6594,Katanagatari
2010,12,とある科学の超電磁砲,6213,Toaru Kagaku no Railgun
2010,13,ハートキャッチプリキュア!,7645,Heartcatch Precure!
2010,14,STAR DRIVER 輝きのタクト,8934,Star Driver: Kagayaki no Takuto
2010,15,デュラララ!!,6746,Durarara!!
2010,16,パンティ&ストッキングwithガーターベルト,8795,Panty & Stocking with Garterbelt
2010,17,生徒会役員共,8675,Seitokai Yakuindomo
2010,18,とある魔術の禁書目録II,8937,Toaru Majutsu no Index II
2010,19,えむえむっ!,8424,MM!
2010,20,屍鬼,7724,Shiki
2010,21,アマガミSS,8676,Amagami SS
2010,22,海月姫,8129,Kuragehime
2010,23,学園黙示録 HIGHSCHOOL OF THE DEAD,8074,Highschool of the Dead
2010,24,真・恋姫†無双 乙女大乱,8057,Shin Koihime†Musou: Otome Tairan
2010,25,荒川アンダー ザ ブリッジ,7647,Arakawa Under the Bridge
2010,26,鋼の錬金術師 FULLMETAL ALCHEMIST,5114,Fullmetal Alchemist: Brotherhood
2010,27,世紀末オカルト学院,6974,Seikimatsu Occult Gakuin
2010,28,おとめ妖怪ざくろ,8476,Otome Youkai Zakuro
2010,29,迷い猫オーバーラン!,7590,Mayoi Neko Overrun!
2010,30,B型H系,7817,B-gata H-kei
2011,1,魔法少女まどか☆マギカ,9756,Mahou Shoujo Madoka★Magica
2011,2,STEINS;GATE,9253,Steins;Gate
2011,3,Fate/Zero,10087,Fate/Zero
2011,4,輪るピングドラム,10721,Mawaru Penguindrum
2011,5,うさぎドロップ,10162,Usagi Drop
2011,6,あの日見た花の名前を僕達はまだ知らない。,9989,Ano Hi Mita Hana no Namae wo Bokutachi wa Mada Shiranai.
2011,7,THE IDOLM@STER,10278,The iDOLM@STER
2011,8,境界線上のホライゾン,10456,Kyoukaisenjou no Horizon
2011,9,TIGER & BUNNY,9941,Tiger & Bunny
2011,10,ペルソナ4,10588,Persona 4 the Animation
2011,11,僕は友達が少ない,10719,Boku wa Tomodachi ga Sukunai
2011,12,ゆるゆり,10495,Yuru Yuri
2011,13,ちはやふる,10800,Chihayafuru
2011,14,インフィニット・ストラトス,9041,IS: Infinite Stratos
2011,15,花咲くいろは,9289,Hanasaku Iroha
2011,16,ロウきゅーぶ!,10572,Ro-Kyu-Bu!
2011,17,よんでますよ、アザゼルさん。,10216,"Yondemasu yo, Azazel-san. (TV)"
2011,18,ましろ色シンフォニー,10397,Mashiro-iro Symphony: The Color of Lovers
2011,19,日常,10165,Nichijou
2011,20,WORKING'!!,10521,Working'!!
2011,21,逆境無頼カイジ 破戒録篇,10271,Gyakkyou Burai Kaiji: Hakairoku-hen
2011,22,ジュエルペット サンシャイン,10359,Jewelpet Sunshine
2011,23,未来日記,10620,Mirai Nikki (TV)
2011,24,放浪息子,8426,Hourou Musuko
2011,25,ベン・トー,10396,Ben-To
2011,26,gdgd妖精s,11809,gdgd Fairies
2011,27,UN-GO,10798,Un-Go
2011,28,電波女と青春男,9379,Denpa Onna to Seishun Otoko
2011,29,神様ドォルズ,10372,Kamisama Dolls
2011,30,侵略!?イカ娘,10378,Shinryaku!? Ika Musume
2012,1,ガールズ&パンツァー,14131,Girls & Panzer
2012,2,TARI TARI,13333,Tari Tari
2012,3,氷菓,12189,Hyouka
2012,4,ジョジョの奇妙な冒険,14719,JoJo no Kimyou na Bouken (TV)
2012,5,人類は衰退しました,10357,Jinrui wa Suitai Shimashita
2012,6,咲-Saki- 阿知賀編 episode of side-A,10884,Saki Achiga-hen: Episode of Side-A
2012,7,中二病でも恋がしたい!,14741,Chuunibyou demo Koi ga Shitai!
2012,8,じょしらく,12679,Joshiraku
2012,9,ソードアート・オンライン,11757,Sword Art Online
2012,10,坂道のアポロン,12531,Sakamichi no Apollon
2012,11,モーレツ宇宙海賊,8917,Mouretsu Pirates
2012,12,PSYCHO-PASS,13601,Psycho-Pass
2012,13,謎の彼女X,12467,Nazo no Kanojo X
2012,14,Another,11111,Another
2012,15,キルミーベイベー,11079,Kill Me Baby
2012,16,偽物語,11597,Nisemonogatari
2012,17,ゆるゆり♪♪,12403,Yuru Yuri♪♪
2012,18,織田信奈の野望,11933,Oda Nobuna no Yabou
2012,19,ヨルムンガンド,12413,Jormungand
2012,20,リトルバスターズ!,13655,Little Busters!
2012,21,アクセル・ワールド,11759,Accel World
2012,22,ひだまりスケッチ×ハニカム,11239,Hidamari Sketch x Honeycomb
2012,23,戦姫絶唱シンフォギア,11751,Senki Zesshou Symphogear
2012,24,戦国コレクション,12611,Sengoku Collection
2012,25,男子高校生の日常,11843,Danshi Koukousei no Nichijou
2012,26,新世界より,13125,Shinsekai yori
2012,27,妖狐×僕SS,11013,Inu x Boku SS
2012,28,境界線上のホライゾンII,12487,Kyoukaisenjou no Horizon II
2012,29,スマイルプリキュア!,12191,Smile Precure!
2012,30,つり球,12883,Tsuritama
2013,1,進撃の巨人,16498,Shingeki no Kyojin
2013,2,のんのんびより,17549,Non Non Biyori
2013,3,ラブライブ!,15051,Love Live! School Idol Project
2013,4,ちはやふる2,14397,Chihayafuru 2
2013,5,翠星のガルガンティア,16524,Suisei no Gargantia
2013,6,有頂天家族,17909,Uchouten Kazoku
2013,7,やはり俺の青春ラブコメはまちがっている。,14813,Yahari Ore no Seishun Love Comedy wa Machigatteiru.
2013,8,蒼き鋼のアルペジオ アルス・ノヴァ,18893,Aoki Hagane no Arpeggio: Ars Nova
2013,9,はたらく魔王さま!,15809,Hataraku Maou-sama!
2013,10,物語シリーズ セカンドシーズン,17074,Monogatari Series: Second Season
2013,11,ガンダムビルドファイターズ,19319,Gundam Build Fighters
2013,12,帰宅部活動記録,18495,Kitaku-bu Katsudou Kiroku
2013,13,きんいろモザイク,16732,Kiniro Mosaic
2013,14,ゆゆ式,15911,Yuyushiki
2013,15,ファンタジスタドール,15883,Fantasista Doll
2013,16,GJ部,14811,GJ-bu
2013,17,リトルバスターズ! Refrain,18195,Little Busters! Refrain
2013,18,銀河機攻隊 マジェスティックプリンス,15863,Ginga Kikoutai Majestic Prince
2013,19,私がモテないのはどう考えてもお前らが悪い!,16742,Watashi ga Motenai no wa Dou Kangaetemo Omaera ga Warui!
2013,20,キルラキル,18679,Kill la Kill
2013,21,革命機ヴァルヴレイヴ,16668,Kakumeiki Valvrave
2013,22,戦姫絶唱シンフォギアG,15793,Senki Zesshou Symphogear G
2013,23,恋愛ラボ,16353,Love Lab
2013,24,ワルキューレロマンツェ,19151,Walkure Romanze
2013,25,WHITE ALBUM2,18245,White Album 2
2013,26,ログ・ホライズン,17265,Log Horizon
2013,27,ガッチャマン クラウズ,18229,Gatchaman Crowds
2013,28,僕は友達が少ない NEXT,14967,Boku wa Tomodachi ga Sukunai Next
2013,29,とある科学の超電磁砲S,16049,Toaru Kagaku no Railgun S
2013,30,俺の脳内選択肢が、学園ラブコメを全力で邪魔している,19221,"Ore no Nounai Sentakushi ga, Gakuen Love Comedy wo Zenryoku de Jama Shiteiru"
2014,1,ばらかもん,22789,Barakamon
2014,2,ピンポン,22135,Ping Pong the Animation
2014,3,月刊少女野崎くん,23289,Gekkan Shoujo Nozaki-kun
2014,4,キルラキル,18679,Kill la Kill
2014,5,ヤマノススメ セカンドシーズン,21435,Yama no Susume Second Season
2014,6,普通の女子校生が【ろこどる】やってみた。,22189,"Futsuu no Joshikousei ga ""Locodol"" Yattemita."
2014,7,Fate/stay night Unlimited Blade Works,22297,Fate/stay night: Unlimited Blade Works
2014,8,アルドノア・ゼロ,22729,Aldnoah.Zero
2014,9,シドニアの騎士,19775,Sidonia no Kishi
2014,10,ご注文はうさぎですか?,21273,Gochuumon wa Usagi desu ka?
2014,11,ラブライブ! 2期,19111,Love Live! School Idol Project 2nd Season
2014,12,神撃のバハムート GENESIS,21843,Shingeki no Bahamut: Genesis
2014,13,結城友奈は勇者である,25519,Yuuki Yuuna wa Yuusha de Aru
2014,14,蟲師 続章,21939,Mushishi Zoku Shou
2014,15,"Wake Up, Girls!",19023,"Wake Up, Girls!"
2014,16,未確認で進行形,20541,Mikakunin de Shinkoukei
2014,17,魔法科高校の劣等生,20785,Mahouka Koukou no Rettousei
2014,18,凪のあすから,16067,Nagi no Asu kara
2014,19,PSYCHO-PASS2,23281,Psycho-Pass 2
2014,20,スペース☆ダンディ,20057,Space☆Dandy
2014,21,ジョジョの奇妙な冒険 スターダストクルセイダース,20899,JoJo no Kimyou na Bouken Part 3: Stardust Crusaders
2014,22,さばげぶっ!,20709,Sabage-bu!
2014,23,ハナヤマタ,21681,Hanayamata
2014,24,ニセコイ,18897,Nisekoi
2014,25,ノーゲーム・ノーライフ,19815,No Game No Life
2014,26,ガンダム ビルドファイターズ,24625,Gundam Build Fighters Try
2014,27,極黒のブリュンヒルデ,21431,Gokukoku no Brynhildr
2014,28,それでも世界は美しい,22101,Soredemo Sekai wa Utsukushii
2014,29,ウィッチクラフトワークス,21085,Witch Craft Works
2014,30,悪魔のリドル,19429,Akuma no Riddle
2015,1,SHIROBAKO,25835,Shirobako
2015,2,響け!ユーフォニアム,27989,Hibike! Euphonium
2015,3,監獄学園,30240,Prison School
2015,4,ワンパンマン,30276,One Punch Man
2015,5,のんのんびより りぴーと,23623,Non Non Biyori Repeat
2015,6,四月は君の嘘,23273,Shigatsu wa Kimi no Uso
2015,7,オーバーロード,29803,Overlord
2015,8,冴えない彼女の育てかた,23277,Saenai Heroine no Sodatekata
2015,9,蒼穹のファフナー EXODUS,17080,Soukyuu no Fafner: Dead Aggressor - Exodus
2015,10,落第騎士の英雄譚,30296,Rakudai Kishi no Cavalry
2015,11,ジョジョの奇妙な冒険 スターダストクルセイダース,20899,JoJo no Kimyou na Bouken Part 3: Stardust Crusaders
2015,12,機動戦士ガンダム 鉄血のオルフェンズ,31251,Kidou Senshi Gundam: Tekketsu no Orphans
2015,13,シドニアの騎士 第九惑星戦役,24893,Sidonia no Kishi: Daikyuu Wakusei Seneki
2015,14,干物妹!うまるちゃん,28825,Himouto! Umaru-chan
2015,15,下ネタという概念が存在しない退屈な世界,29786,Shimoneta to Iu Gainen ga Sonzai Shinai Taikutsu na Sekai
2015,16,ゆるゆり さん☆ハイ!,30279,Yuru Yuri San☆Hai!
2015,17,クロスアンジュ 天使と竜の輪舞,25731,Cross Ange: Tenshi to Ryuu no Rondo
2015,18,放課後のプレアデス,17919,Houkago no Pleiades (TV)
2015,19,終物語,31181,Owarimonogatari
2015,20,やはり俺の青春ラブコメはまちがっている。続,23847,Yahari Ore no Seishun Love Comedy wa Machigatteiru. Zoku
2015,21,寄生獣 セイの格率,22535,Kiseijuu: Sei no Kakuritsu
2015,22,ハロー!! きんいろモザイク,23269,Hello!! Kiniro Mosaic
2015,23,聖剣使いの禁呪詠唱,22663,Seiken Tsukai no World Break
2015,24,ご注文はうさぎですか??,29787,Gochuumon wa Usagi desu ka??
2015,25,城下町のダンデライオン,28387,Joukamachi no Dandelion
2015,26,ローリング☆ガールズ,25867,Rolling☆Girls
2015,27,プリパラ,23135,PriPara
2015,28,Charlotte,28999,Charlotte
2015,29,おそ松さん,31174,Osomatsu-san
2015,30,食戟のソーマ,28171,Shokugeki no Souma
2016,1,響け!ユーフォニアム2,31988,Hibike! Euphonium 2
2016,2,この素晴らしい世界に祝福を!,30831,Kono Subarashii Sekai ni Shukufuku wo!
2016,3,Re:ゼロから始める異世界生活,31240,Re:Zero kara Hajimeru Isekai Seikatsu
2016,4,僕だけがいない街,31043,Boku dake ga Inai Machi
2016,5,ジョジョの奇妙な冒険 ダイヤモンドは砕けない,31933,JoJo no Kimyou na Bouken Part 4: Diamond wa Kudakenai
2016,6,競女!!!!!!!!,32686,Keijo!!!!!!!!
2016,7,灼熱の卓球娘,33031,Shakunetsu no Takkyuu Musume
2016,8,ふらいんぐうぃっち,31376,Flying Witch
2016,9,モブサイコ100,32182,Mob Psycho 100
2016,10,ユーリ!!! on ICE,32995,Yuri!!! on Ice
2016,11,NEW GAME!,31953,New Game!
2016,12,クロムクロ,32245,Kuromukuro
2016,13,アクティヴレイド 機動強襲室第八係,31790,Active Raid: Kidou Kyoushuushitsu Dai Hachi Gakari
2016,14,斉木楠雄のΨ難,33255,Saiki Kusuo no Ψ-nan
2016,15,フリップフラッパーズ,32979,Flip Flappers
2016,16,この美術部には問題がある!,31952,Kono Bijutsu-bu ni wa Mondai ga Aru!
2016,17,ハイキュー!! 烏野高校 VS 白鳥沢学園高校,32935,Haikyuu!! Karasuno Koukou vs. Shiratorizawa Gakuen Koukou
2016,18,昭和元禄落語心中,28735,Shouwa Genroku Rakugo Shinjuu
2016,19,ドリフターズ,31339,Drifters
2016,20,魔法少女育成計画,33003,Mahou Shoujo Ikusei Keikaku
2016,21,ジョーカー・ゲーム,31405,Joker Game
2016,22,灰と幻想のグリムガル,31859,Hai to Gensou no Grimgar
2016,23,亜人,31580,Ajin
2016,24,あんハピ♪,31080,Anne Happy♪
2016,25,ばくおん!!,30795,Bakuon!!
2016,26,Occultic;Nine,32962,Occultic;Nine
2016,27,甘々と稲妻,32828,Amaama to Inazuma
2016,28,田中くんはいつもけだるげ,32093,Tanaka-kun wa Itsumo Kedaruge
2016,29,終末のイゼッタ,33433,Shuumatsu no Izetta
2016,30,ViVid Strike!,33589,ViVid Strike!
2017,1,メイドインアビス,34599,Made in Abyss
2017,2,けものフレンズ,33089,Kemono Friends
2017,3,宝石の国,35557,Houseki no Kuni
2017,4,プリンセス・プリンシパル,35240,Princess Principal
2017,5,月がきれい,34822,Tsuki ga Kirei
2017,6,少女終末旅行,35838,Shoujo Shuumatsu Ryokou
2017,7,リトルウィッチアカデミア,33489,Little Witch Academia (TV)
2017,8,ボールルームへようこそ,34636,Ballroom e Youkoso
2017,9,この素晴らしい世界に祝福を!2,32937,Kono Subarashii Sekai ni Shukufuku wo! 2
2017,10,昭和元禄落語心中 助六再び篇,33095,Shouwa Genroku Rakugo Shinjuu: Sukeroku Futatabi-hen
2017,11,幼女戦記,32615,Youjo Senki
2017,12,エロマンガ先生,32901,Eromanga-sensei
2017,13,魔法陣グルグル,34745,Mahoujin Guruguru (2017)
2017,14,進撃の巨人 Season2,25777,Shingeki no Kyojin Season 2
2017,15,小林さんちのメイドラゴン,33206,Kobayashi-san Chi no Maid Dragon
2017,16,終末なにしてますか? 忙しいですか? 救ってもらっていいですか?,33502,Shuumatsu Nani Shitemasu ka? Isogashii desu ka? Sukutte Moratte Ii desu ka?
2017,17,ACCA13区監察課,33337,ACCA: 13-ku Kansatsu-ka
2017,18,ガヴリールドロップアウト,33731,Gabriel DropOut
2017,19,NEW GAME!!,34914,New Game!!
2017,20,サクラダリセット,34102,Sakurada Reset
2017,21,このはな綺譚,35241,Konohana Kitan
2017,22,DYNAMIC CHORD,34771,Dynamic Chord
2017,23,有頂天家族2,34076,Uchouten Kazoku 2
2017,24,アリスと蔵六,34350,Alice to Zouroku
2017,25,アホガール,34881,Aho Girl
2017,26,フレームアームズ・ガール,34427,Frame Arms Girl
2017,27,干物妹!うまるちゃんR,35376,Himouto! Umaru-chan R
2017,28,賭ケグルイ,34933,Kakegurui
2017,29,結城友奈は勇者である 鷲尾須美の章/勇者の章,34284,Yuuki Yuuna wa Yuusha de Aru: Washio Sumi no Shou
2017,30,Just Because!,35639,Just Because!
2018,1,宇宙よりも遠い場所,35839,Sora yori mo Tooi Basho
2018,2,ゾンビランドサガ,37976,Zombieland Saga
2018,3,ゆるキャン△,34798,Yuru Camp△
2018,4,やがて君になる,37786,Yagate Kimi ni Naru
2018,5,ハイスコアガール,21877,High Score Girl
2018,6,あそびあそばせ,37171,Asobi Asobase
2018,7,SSSS.GRIDMAN,35847,SSSS.Gridman
2018,8,ヒナまつり,36296,Hinamatsuri
2018,9,青春ブタ野郎はバニーガール先輩の夢を見ない,37450,Seishun Buta Yarou wa Bunny Girl Senpai no Yume wo Minai
2018,10,ウマ娘 プリティーダービー,35249,Uma Musume: Pretty Derby
2018,11,プラネット・ウィズ,37578,Planet With
2018,12,ゴールデンカムイ,36028,Golden Kamuy
2018,13,ハクメイとミコチ,36094,Hakumei to Mikochi
2018,14,三ツ星カラーズ,35078,Mitsuboshi Colors
2018,15,ゴブリンスレイヤー,37349,Goblin Slayer
2018,16,ヴァイオレット・エヴァーガーデン,33352,Violet Evergarden
2018,17,進撃の巨人 Season3,35760,Shingeki no Kyojin Season 3
2018,18,少女☆歌劇 レヴュースタァライト,35503,Shoujo☆Kageki Revue Starlight
2018,19,色づく世界の明日から,37497,Irozuku Sekai no Ashita kara
2018,20,はたらく細胞,37141,Hataraku Saibou
2018,21,ジョジョの奇妙な冒険 黄金の風,37991,JoJo no Kimyou na Bouken Part 5: Ougon no Kaze
2018,22,邪神ちゃんドロップキック,36906,Jashin-chan Dropkick
2018,23,こみっくがーるず,35756,Comic Girls
2018,24,恋は雨上がりのように,34984,Koi wa Ameagari no You ni
2018,25,STEINS;GATE 0,30484,Steins;Gate 0
2018,26,からかい上手の高木さん,35860,Karakai Jouzu no Takagi-san
2018,27,ヤマノススメ サードシーズン,35672,Yama no Susume Third Season
2018,28,となりの吸血鬼さん,37579,Tonari no Kyuuketsuki-san
2018,29,スロウスタート,35540,Slow Start
2018,30,斉木楠雄のΨ難 2期,34612,Saiki Kusuo no Ψ-nan 2
2019,1,まちカドまぞく,39071,Machikado Mazoku
2019,2,ハイスコアガールII,39570,High Score Girl II
2019,3,鬼滅の刃,38000,Kimetsu no Yaiba
2019,4,進撃の巨人 Season3,35760,Shingeki no Kyojin Season 3
2019,5,かぐや様は告らせたい 天才たちの恋愛頭脳戦,37999,Kaguya-sama wa Kokurasetai: Tensai-tachi no Renai Zunousen
2019,6,Dr.STONE,38691,Dr. Stone
2019,7,彼方のアストラ,39198,Kanata no Astra
2019,8,私に天使が舞い降りた!,37993,Watashi ni Tenshi ga Maiorita!
2019,9,ヴィンランド・サガ,37521,Vinland Saga
2019,10,モブサイコ100 II,37510,Mob Psycho 100 II
2019,11,女子高生の無駄づかい,38619,Joshikousei no Mudazukai
2019,12,ケムリクサ,37302,Kemurikusa (TV)
2019,13,風が強く吹いている,37965,Kaze ga Tsuyoku Fuiteiru
2019,14,ダンベル何キロ持てる?,39026,Dumbbell Nan Kilo Moteru?
2019,15,ジョジョの奇妙な冒険 黄金の風,37991,JoJo no Kimyou na Bouken Part 5: Ougon no Kaze
2019,16,Re:ステージ! ドリームデイズ♪,38009,Re:Stage! Dream Days♪
2019,17,この音とまれ!,38080,Kono Oto Tomare!
2019,18,ひとりぼっちの○○生活,37614,Hitoribocchi no Marumaru Seikatsu
2019,19,慎重勇者 この勇者が俺TUEEEくせに慎重すぎる,38659,Shinchou Yuusha: Kono Yuusha ga Ore Tueee Kuse ni Shinchou Sugiru
2019,20,キラッとプリ☆チャン,38804,Kiratto Pri☆chan Season 2
2019,21,魔王様、リトライ!,38297,"Maou-sama, Retry!"
2019,22,荒ぶる季節の乙女どもよ。,38753,Araburu Kisetsu no Otome-domo yo.
2019,23,ちはやふる3,37379,Chihayafuru 3
2019,24,BEASTARS,39195,Beastars
2019,25,本好きの下剋上 司書になるためには手段を選んでいられません,39468,Honzuki no Gekokujou: Shisho ni Naru Tame ni wa Shudan wo Erandeiraremasen
2019,26,上野さんは不器用,37920,Ueno-san wa Bukiyou
2019,27,どろろ,37520,Dororo
2019,28,からかい上手の高木さん②,38993,Karakai Jouzu no Takagi-san 2
2019,29,約束のネバーランド,37779,Yakusoku no Neverland
2019,30,魔法少女特殊戦あすか,37979,Mahou Shoujo Tokushusen Asuka
2020,1,アクダマドライブ,41433,Akudama Drive
2020,2,ID:INVADED,40046,Id:Invaded
2020,3,ラブライブ!虹ヶ咲学園スクールアイドル同好会,40879,Love Live! Nijigasaki Gakuen School Idol Doukoukai
2020,4,かぐや様は告らせたい? 天才たちの恋愛頭脳戦,40591,Kaguya-sama wa Kokurasetai? Tensai-tachi no Renai Zunousen
2020,5,放課後ていぼう日誌,39730,Houkago Teibou Nisshi
2020,6,ミュークルドリーミー,40327,Mewkledreamy
2020,7,異種族レビュアーズ,40010,Ishuzoku Reviewers
2020,8,デカダンス,40056,Deca-Dence
2020,9,魔王城でおやすみ,40397,Maoujou de Oyasumi
2020,10,無能なナナ,41619,Munou na Nana
2020,11,かくしごと,40716,Kakushigoto
2020,12,映像研には手を出すな!,39792,Eizouken ni wa Te wo Dasu na!
2020,13,安達としまむら,39790,Adachi to Shimamura
2020,14,とある科学の超電磁砲T,38481,Toaru Kagaku no Railgun T
2020,15,ゴールデンカムイ 3期,40059,Golden Kamuy 3rd Season
2020,16,推しが武道館いってくれたら死ぬ,37890,Oshi ga Budoukan Ittekuretara Shinu
2020,17,ドロヘドロ,38668,Dorohedoro
2020,18,魔女の旅々,40571,Majo no Tabitabi
2020,19,おちこぼれフルーツタルト,39609,Ochikobore Fruit Tart
2020,20,ガンダムビルドダイバーズRe:RISE 2nd Season,40942,Gundam Build Divers Re:Rise 2nd Season
2020,21,乙女ゲームの破滅フラグしかない悪役令嬢に転生してしまった…,38555,Otome Game no Hametsu Flag shika Nai Akuyaku Reijou ni Tensei shiteshimatta...
2020,22,ストライクウィッチーズ ROAD to BERLIN,38005,Strike Witches: Road to Berlin
2020,23,プリンセスコネクト! Re:Dive,39292,Princess Connect! Re:Dive
2020,24,波よ聞いてくれ,40513,Nami yo Kiitekure
2020,25,体操ザムライ,42668,Taisou Zamurai
2020,26,イエスタデイをうたって,39710,Yesterday wo Utatte
2020,27,邪神ちゃんドロップキック',39049,Jashin-chan Dropkick'
2020,28,呪術廻戦,40748,Jujutsu Kaisen
2020,29,進撃の巨人 The Final Season,40028,Shingeki no Kyojin: The Final Season
2020,30,恋する小惑星,39388,Koisuru Asteroid
2021,1,かげきしょうじょ!!,43691,Kageki Shoujo!!
2021,2,オッドタクシー,46102,Odd Taxi
2021,3,無職転生 異世界行ったら本気だす,39535,Mushoku Tensei: Isekai Ittara Honki Dasu
2021,4,ウマ娘 プリティーダービー Season 2,42941,Uma Musume: Pretty Derby Season 2
2021,5,Vivy Fluorite Eye's Song,46095,Vivy: Fluorite Eye's Song
2021,6,進撃の巨人 The Final Season,40028,Shingeki no Kyojin: The Final Season
2021,7,のんのんびより のんすとっぷ,39808,Non Non Biyori Nonstop
2021,8,ゆるキャン△ SEASON2,38474,Yuru Camp△ Season 2
2021,9,王様ランキング,40834,Ousama Ranking
2021,10,Sonny Boy,48849,Sonny Boy
2021,11,SK∞ エスケーエイト,42923,SK∞
2021,12,小林さんちのメイドラゴンS,39247,Kobayashi-san Chi no Maid Dragon S
2021,13,シャドーハウス,43439,Shadows House
2021,14,ラブライブ! スーパースター!!,41169,Love Live! Superstar!!
2021,15,ワンダーエッグ・プライオリティ,43299,Wonder Egg Priority
2021,16,月とライカと吸血姫,48471,Tsuki to Laika to Nosferatu
2021,17,ゾンビランドサガ リベンジ,40174,Zombieland Saga Revenge
2021,18,スーパーカブ,40685,Super Cub
2021,19,吸血鬼すぐ死ぬ,41833,Kyuuketsuki Sugu Shinu
2021,20,SSSS.DYNAZENON,40870,SSSS.Dynazenon
2021,21,ミュークルドリーミー みっくす!,44273,Mewkledreamy Mix!
2021,22,ドラゴンクエスト ダイの大冒険,40906,Dragon Quest: Dai no Daibouken (2020)
2021,23,メガトン級ムサシ,33737,Megaton-kyuu Musashi
2021,24,見える子ちゃん,48483,Mieruko-chan
2021,25,86-エイティシックス-,41457,86
2021,26,Dr.STONE 2期,40852,Dr. Stone: Stone Wars
2021,27,鬼滅の刃 無限列車編/遊郭編,49926,Kimetsu no Yaiba: Mugen Ressha-hen
2021,28,ブルーピリオド,46352,Blue Period
2021,29,バック・アロウ,40964,Back Arrow
2021,30,イジらないで、長瀞さん,42361,"Ijiranaide, Nagatoro-san"
2022,1,ぼっち・ざ・ろっく!,47917,Bocchi the Rock!
2022,2,メイドインアビス 烈日の黄金郷,41084,Made in Abyss: Retsujitsu no Ougonkyou
2022,3,明日ちゃんのセーラー服,48553,Akebi-chan no Sailor-fuku
2022,4,アキバ冥途戦争,52193,Akiba Meido Sensou
2022,5,平家物語,49738,Heike Monogatari
2022,6,その着せ替え人形は恋をする,48736,Sono Bisque Doll wa Koi wo Suru
2022,7,機動戦士ガンダム 水星の魔女,49828,Kidou Senshi Gundam: Suisei no Majo
2022,8,サマータイムレンダ,47194,Summertime Render
2022,9,リコリス・リコイル,50709,Lycoris Recoil
2022,10,サイバーパンク: エッジランナーズ,42310,Cyberpunk: Edgerunners
2022,11,進撃の巨人 The Final Season,48583,Shingeki no Kyojin: The Final Season Part 2
2022,12,異世界おじさん,49220,Isekai Ojisan
2022,13,不徳のギルド,51212,Futoku no Guild
2022,14,かぐや様は告らせたい ウルトラロマンティック,43608,Kaguya-sama wa Kokurasetai: Ultra Romantic
2022,15,まちカドまぞく 2丁目,42745,Machikado Mazoku: 2-choume
2022,16,ヤマノススメ Next Summit,48491,Yama no Susume: Next Summit
2022,17,Do It Yourself!! どぅー・いっと・ゆあせるふ,48542,Do It Yourself!!
2022,18,SPY×FAMILY,50265,Spy x Family
2022,19,鬼滅の刃 遊郭編,47778,Kimetsu no Yaiba: Yuukaku-hen
2022,20,BIRDIE WING Golf Girls' Story,50248,Birdie Wing: Golf Girls' Story
2022,21,Extreme Hearts,50999,Extreme Hearts
2022,22,ダンス・ダンス・ダンスール,48702,Dance Dance Danseur
2022,23,であいもん,48779,Deaimon
2022,24,チェンソーマン,44511,Chainsaw Man
2022,25,モブサイコ100 III,50172,Mob Psycho 100 III
2022,26,ラブライブ!虹ヶ咲学園スクールアイドル同好会 2期,48916,Love Live! Nijigasaki Gakuen School Idol Doukoukai 2nd Season
2022,27,時光代理人 LINK CLICK,44074,Shiguang Dailiren
2022,28,ドラゴンクエスト ダイの大冒険,40906,Dragon Quest: Dai no Daibouken (2020)
2022,29,86-エイティシックス-,41457,86
2022,30,Engage Kiss,51417,Engage Kiss
2023,1,BanG Dream! It's MyGO!!!!!,54959,BanG Dream! It's MyGO!!!!!
2023,2,【推しの子】,52034,[Oshi no Ko]
2023,3,葬送のフリーレン,52991,Sousou no Frieren
2023,4,スキップとローファー,50416,Skip to Loafer
2023,5,進撃の巨人 The Final Season,51535,Shingeki no Kyojin: The Final Season - Kanketsu-hen
2023,6,お兄ちゃんはおしまい!,51678,Oniichan wa Oshimai!
2023,7,もういっぽん!,49376,Mou Ippon!
2023,8,僕の心のヤバイやつ,52578,Boku no Kokoro no Yabai Yatsu
2023,9,ミギとダリ,50586,Migi to Dali
2023,10,江戸前エルフ,52081,Edomae Elf
2023,11,ヴィンランド・サガ Season2,49387,Vinland Saga Season 2
2023,12,ダークギャザリング,52505,Dark Gathering
2023,13,君のことが大大大大大好きな100人の彼女,54714,Kimi no Koto ga Daidaidaidaidaisuki na 100-nin no Kanojo
2023,14,機動戦士ガンダム 水星の魔女 Season2,53199,Kidou Senshi Gundam: Suisei no Majo Season 2
2023,15,呪術廻戦 第2期,51009,Jujutsu Kaisen 2nd Season
2023,16,薬屋のひとりごと,54492,Kusuriya no Hitorigoto
2023,17,天国大魔境,53393,Tengoku Daimakyou
2023,18,私の百合はお仕事です!,51817,Watashi no Yuri wa Oshigoto desu!
2023,19,16bitセンセーション ANOTHER LAYER,54041,16bit Sensation: Another Layer
2023,20,星屑テレパス,53262,Hoshikuzu Telepath
2023,21,好きな子がめがねを忘れた,54234,Suki na Ko ga Megane wo Wasureta
2023,22,転生王女と天才令嬢の魔法革命,52736,Tensei Oujo to Tensai Reijou no Mahou Kakumei
2023,23,無職転生II 異世界行ったら本気だす,51179,Mushoku Tensei II: Isekai Ittara Honki Dasu
2023,24,アイドルマスター シンデレラガールズU149,51536,The iDOLM@STER Cinderella Girls: U149
2023,25,君は放課後インソムニア,50796,Kimi wa Houkago Insomnia
2023,26,ウマ娘 プリティーダービー ROAD TO THE TOP,51761,Uma Musume: Pretty Derby - Road to the Top
2023,27,冰剣の魔術師が世界を統べる,51711,Hyouken no Majutsushi ga Sekai wo Suberu
2023,28,ティアムーン帝国物語 断頭台から始まる、姫の転生逆転ストーリー,52962,"Tearmoon Teikoku Monogatari: Dantoudai kara Hajimaru, Hime no Tensei Gyakuten Story"
2023,29,Dr.STONE NEW WORLD,48549,Dr. Stone: New World
2023,30,陰の実力者になりたくて!,48316,Kage no Jitsuryokusha ni Naritakute!
2024,1,ガールズバンドクライ,55102,Girls Band Cry
2024,2,響け!ユーフォニアム3,39894,Hibike! Euphonium 3
2024,3,負けヒロインが多すぎる!,57524,Make Heroine ga Oosugiru!
2024,4,ダンジョン飯,52701,Dungeon Meshi
2024,5,オーイ!とんぼ,55194,Ooi! Tonbo
2024,6,葬送のフリーレン,52991,Sousou no Frieren
2024,7,魔法少女にあこがれて,54722,Mahou Shoujo ni Akogarete
2024,8,チ。 地球の運動について,52215,Chi. Chikyuu no Undou ni Tsuite
2024,9,ダンダダン,57334,Dandadan
2024,10,変人のサラダボウル,55877,Henjin no Salad Bowl
2024,11,2.5次元の誘惑,53802,2.5-jigen no Ririsa
2024,12,【推しの子】第2期,55791,[Oshi no Ko] 2nd Season
2024,13,僕の心のヤバイやつ 第2期,55690,Boku no Kokoro no Yabai Yatsu 2nd Season
2024,14,ぷにるはかわいいスライム,57517,Puniru wa Kawaii Slime
2024,15,真夜中ぱンチ,57947,Mayonaka Punch
2024,16,無職転生II 異世界行ったら本気だす,51179,Mushoku Tensei II: Isekai Ittara Honki Dasu
2024,17,終末トレインどこへいく?,53356,Shuumatsu Train Doko e Iku?
2024,18,烏は主を選ばない,56980,Karasu wa Aruji wo Erabanai
2024,19,ネガポジアングラー,59425,NegaPosi Angler
2024,20,忘却バッテリー,56165,Boukyaku Battery (TV)
2024,21,勇気爆発バーンブレイバーン,55528,Yuuki Bakuhatsu Bang Bravern
2024,22,逃げ上手の若君,54724,Nige Jouzu no Wakagimi
2024,23,嘆きの亡霊は引退したい,58172,Nageki no Bourei wa Intai shitai
2024,24,Re:ゼロから始める異世界生活 3rd season,54857,Re:Zero kara Hajimeru Isekai Seikatsu 3rd Season
2024,25,小市民シリーズ,57810,Shoushimin Series
2024,26,姫様“拷問”の時間です,55774,"Himesama ""Goumon"" no Jikan desu"
2024,27,薬屋のひとりごと,54492,Kusuriya no Hitorigoto
2024,28,ラーメン赤猫,57325,Ramen Akaneko
2024,29,先輩はおとこのこ,54855,Senpai wa Otokonoko
2024,30,アオのハコ,57181,Ao no Hako
2025,1,メダリスト,55318,Medalist
2025,2,瑠璃の宝石,59791,Ruri no Houseki
2025,3,アポカリプスホテル,59675,Apocalypse Hotel
2025,4,BanG Dream! Ave Mujica,56653,BanG Dream! Ave Mujica
2025,5,日々は過ぎれど飯うまし,60658,Hibi wa Sugiredo Meshi Umashi
2025,6,忍者と殺し屋のふたりぐらし,58725,Ninja to Koroshiya no Futarigurashi
2025,7,タコピーの原罪,60489,Takopii no Genzai
2025,8,前橋ウィッチーズ,59744,Maebashi Witches
2025,9,わたしが恋人になれるわけないじゃん、ムリムリ!(※ムリじゃなかった!?),60326,"Watashi ga Koibito ni Nareru Wake Nai jan, Muri Muri! (※Muri ja Nakatta!?)"
2025,10,うたごえはミルフィーユ,55689,Utagoe wa Mille-Feuille
2025,11,銀河特急 ミルキー☆サブウェイ,61274,Ginga Tokkyuu Milky☆Subway
2025,12,グノーシア,60427,Gnosia
2025,13,チ。 地球の運動について,52215,Chi. Chikyuu no Undou ni Tsuite
2025,14,宇宙人ムームー,60401,Uchuujin MuuMuu
2025,15,小市民シリーズ 第2期,59828,Shoushimin Series 2nd Season
2025,16,サイレント・ウィッチ 沈黙の魔女の隠しごと,59459,Silent Witch: Chinmoku no Majo no Kakushigoto
2025,17,沖縄で好きになった子が方言すぎてツラすぎる,55842,Okinawa de Suki ni Natta Ko ga Hougen Sugite Tsurasugiru
2025,18,フードコートで、また明日。,60508,"Food Court de, Mata Ashita."
2025,19,ウマ娘 シンデレラグレイ,59636,Uma Musume: Cinderella Gray
2025,20,機動戦士Gundam GQuuuuuuX,60449,Kidou Senshi Gundam: GQuuuuuuX
2025,21,薬屋のひとりごと 第2期,58514,Kusuriya no Hitorigoto 2nd Season
2025,22,薫る花は凛と咲く,59845,Kaoru Hana wa Rin to Saku
2025,23,Turkey!,54028,Turkey!
2025,24,東島丹三郎は仮面ライダーになりたい,61159,Toujima Tanzaburou wa Kamen Rider ni Naritai
2025,25,ウィッチウォッチ,59597,Witch Watch
2025,26,その着せ替え人形は恋をする Season2,53065,Sono Bisque Doll wa Koi wo Suru Season 2
2025,27,笑顔のたえない職場です。,57859,Egao no Taenai Shokuba desu.
2025,28,もめんたりー・リリィ,58739,Momentary Lily
2025,29,クレバテス-魔獣の王と赤子と屍の勇者-,59205,Clevatess: Majuu no Ou to Akago to Shikabane no Yuusha
2025,30,空色ユーティリティ,58066,Sorairo Utility (TV)
